               epoch,      train/box_loss,      train/obj_loss,      train/cls_loss,   metrics/precision,      metrics/recall,     metrics/mAP_0.5,metrics/mAP_0.5:0.95,        val/box_loss,        val/obj_loss,        val/cls_loss,               x/lr0,               x/lr1,               x/lr2
                   0,            0.055699,            0.049755,            0.071647,             0.37373,             0.14579,            0.067731,            0.034338,            0.026187,            0.021828,             0.04798,            0.070004,           0.0033329,           0.0033329
                   1,            0.043598,            0.048836,            0.058561,             0.31583,             0.22661,             0.13175,            0.067831,            0.026993,            0.022747,            0.039757,            0.039938,           0.0066003,           0.0066003
                   2,            0.043663,            0.048369,             0.05219,              0.2568,             0.23037,             0.14652,            0.066619,            0.027298,            0.023328,            0.037281,           0.0098056,           0.0098016,           0.0098016
                   3,            0.043393,             0.04895,            0.049853,             0.28424,             0.27667,             0.18359,            0.090751,            0.027715,            0.022925,            0.032975,            0.009703,            0.009703,            0.009703
                   4,            0.042433,            0.049336,             0.04656,             0.35631,             0.26801,             0.23233,             0.12457,            0.026663,            0.023681,            0.031798,            0.009703,            0.009703,            0.009703
                   5,             0.04154,            0.048242,            0.044569,             0.28497,             0.30707,             0.25194,              0.1338,            0.026914,            0.022988,            0.030235,            0.009604,            0.009604,            0.009604
                   6,            0.041138,            0.048397,            0.041984,             0.36923,             0.32442,             0.27631,             0.14685,            0.027181,            0.023378,            0.028742,            0.009505,            0.009505,            0.009505
                   7,            0.040921,            0.048624,            0.040172,             0.38672,              0.3365,             0.30919,             0.17177,            0.025784,            0.022519,            0.027254,            0.009406,            0.009406,            0.009406
                   8,            0.040445,            0.047839,            0.039114,             0.34409,             0.36071,             0.30008,             0.16312,            0.027059,            0.023365,             0.02665,            0.009307,            0.009307,            0.009307
                   9,            0.040077,            0.047795,            0.038021,             0.38059,             0.35139,             0.31966,             0.17551,            0.027876,            0.023117,              0.0252,            0.009208,            0.009208,            0.009208
                  10,            0.039958,            0.047641,            0.036829,             0.40758,             0.37898,             0.34215,             0.18762,            0.026646,            0.022542,            0.025331,            0.009109,            0.009109,            0.009109
                  11,            0.039714,             0.04727,             0.03599,             0.39079,             0.38898,             0.35533,              0.2002,            0.026873,             0.02267,             0.02395,             0.00901,             0.00901,             0.00901
                  12,            0.039193,            0.047165,            0.034731,             0.41312,              0.4092,             0.37233,             0.20979,            0.026146,            0.022844,            0.022537,            0.008911,            0.008911,            0.008911
                  13,            0.039077,            0.047128,            0.034264,             0.41457,             0.39897,             0.37388,             0.20956,            0.026017,             0.02251,            0.022743,            0.008812,            0.008812,            0.008812
                  14,            0.038732,            0.046792,            0.032789,             0.42298,              0.3948,             0.38238,             0.21421,            0.026667,            0.022342,             0.02235,            0.008713,            0.008713,            0.008713
                  15,            0.038491,            0.046303,            0.032252,              0.4398,             0.40752,             0.39636,              0.2258,            0.025765,            0.022118,            0.021646,            0.008614,            0.008614,            0.008614
                  16,            0.038319,            0.046288,            0.031358,             0.45269,             0.40961,             0.41653,             0.23764,            0.025376,            0.022167,            0.020065,            0.008515,            0.008515,            0.008515
                  17,             0.03836,            0.046853,            0.030667,              0.4506,             0.40881,             0.42158,             0.23861,            0.025677,            0.022202,            0.020641,            0.008416,            0.008416,            0.008416
                  18,             0.03819,            0.045964,            0.030824,             0.43841,              0.4192,             0.41815,             0.24266,            0.025742,            0.022258,            0.020216,            0.008317,            0.008317,            0.008317
                  19,            0.038117,             0.04644,            0.029648,             0.43244,              0.4195,             0.42137,             0.23997,            0.025728,            0.022229,            0.020089,            0.008218,            0.008218,            0.008218
                  20,            0.038133,            0.046644,            0.028678,             0.46509,             0.42748,             0.43433,              0.2518,            0.024957,            0.022314,            0.019897,            0.008119,            0.008119,            0.008119
                  21,            0.037844,            0.045982,             0.02851,             0.45428,             0.43543,             0.44393,             0.25664,            0.025287,            0.021892,            0.018988,             0.00802,             0.00802,             0.00802
                  22,            0.037721,            0.046003,            0.028106,             0.45015,             0.44736,             0.45692,             0.26577,            0.025273,            0.021877,             0.01854,            0.007921,            0.007921,            0.007921
                  23,             0.03775,            0.045962,            0.027459,             0.44929,              0.4577,             0.45809,             0.26163,            0.025092,            0.021831,            0.018237,            0.007822,            0.007822,            0.007822
                  24,             0.03759,             0.04576,            0.027659,             0.44858,             0.44614,             0.45013,             0.26042,             0.02527,             0.02177,            0.018255,            0.007723,            0.007723,            0.007723
                  25,            0.037227,            0.045606,            0.026621,             0.47467,             0.46213,             0.47009,             0.26933,            0.024976,            0.021793,            0.017763,            0.007624,            0.007624,            0.007624
                  26,            0.037464,            0.046174,            0.027655,             0.43291,             0.45575,             0.45529,             0.26378,            0.025027,            0.021694,            0.017958,            0.007525,            0.007525,            0.007525
                  27,            0.037544,            0.045981,            0.027769,             0.45226,             0.45114,             0.46524,             0.27183,            0.024652,            0.021488,            0.017777,            0.007426,            0.007426,            0.007426
                  28,            0.037134,            0.045622,            0.026898,             0.46036,             0.47014,              0.4683,             0.27627,            0.024779,             0.02159,            0.017557,            0.007327,            0.007327,            0.007327
                  29,            0.037408,            0.045562,            0.026808,             0.47369,             0.46466,             0.47148,             0.27695,            0.025006,             0.02148,            0.017408,            0.007228,            0.007228,            0.007228
                  30,            0.036949,            0.045672,            0.026286,             0.47236,             0.47113,             0.47796,             0.27791,            0.024394,             0.02125,            0.017287,            0.007129,            0.007129,            0.007129
                  31,            0.037172,            0.045336,            0.025722,             0.47908,             0.46731,             0.47502,             0.27935,            0.024775,            0.021124,             0.01703,             0.00703,             0.00703,             0.00703
                  32,            0.036949,            0.045059,            0.025791,             0.46322,             0.45612,             0.47462,             0.27811,            0.024471,            0.021217,            0.017049,            0.006931,            0.006931,            0.006931
                  33,            0.036816,            0.045317,            0.025268,             0.45787,              0.4785,             0.47939,             0.28134,            0.024478,            0.021169,            0.017035,            0.006832,            0.006832,            0.006832
                  34,            0.036844,            0.045447,             0.02511,             0.46988,             0.46436,             0.48208,             0.28332,            0.024437,            0.021153,            0.016853,            0.006733,            0.006733,            0.006733
                  35,            0.036587,            0.045731,            0.024582,             0.47006,             0.47837,             0.48683,             0.28619,            0.024306,             0.02108,            0.016795,            0.006634,            0.006634,            0.006634
                  36,            0.036631,            0.045072,            0.024164,             0.46963,             0.46493,             0.48418,             0.28491,            0.024307,            0.021039,            0.016684,            0.006535,            0.006535,            0.006535
                  37,            0.036467,            0.045023,            0.024643,             0.49541,             0.45897,             0.48953,             0.28734,              0.0242,            0.021001,            0.016539,            0.006436,            0.006436,            0.006436
                  38,            0.036489,            0.045013,            0.024041,             0.48151,             0.47776,              0.4901,             0.28841,            0.024205,            0.020949,             0.01648,            0.006337,            0.006337,            0.006337
                  39,             0.03614,            0.044699,            0.023633,             0.48651,             0.47513,             0.49527,             0.29285,             0.02397,            0.020823,            0.016369,            0.006238,            0.006238,            0.006238
                  40,             0.03616,            0.044729,            0.023476,             0.49381,             0.47851,             0.50247,               0.296,            0.023893,            0.020767,            0.016131,            0.006139,            0.006139,            0.006139
                  41,            0.036271,            0.045234,            0.023508,             0.48231,             0.49477,             0.50408,             0.29712,            0.023799,            0.020771,            0.016084,             0.00604,             0.00604,             0.00604
                  42,            0.035966,            0.044741,            0.022743,             0.49364,             0.49409,             0.50688,             0.29757,            0.023801,            0.020763,            0.015974,            0.005941,            0.005941,            0.005941
                  43,            0.035708,            0.044371,            0.022065,             0.50162,             0.49755,             0.50914,             0.30023,            0.023833,            0.020775,            0.015869,            0.005842,            0.005842,            0.005842
                  44,            0.035519,            0.043976,            0.021572,             0.50029,             0.50247,               0.511,             0.30161,            0.023879,            0.020758,            0.015843,            0.005743,            0.005743,            0.005743
                  45,            0.035578,            0.044127,            0.021582,             0.50938,             0.49365,             0.51558,             0.30573,            0.023882,            0.020699,            0.015765,            0.005644,            0.005644,            0.005644
                  46,             0.03559,            0.044573,            0.020868,              0.5072,             0.49749,             0.51875,             0.30884,            0.023808,            0.020694,            0.015728,            0.005545,            0.005545,            0.005545
                  47,            0.035459,            0.043847,            0.021303,             0.50934,             0.50182,             0.52034,             0.30878,            0.023747,            0.020697,            0.015738,            0.005446,            0.005446,            0.005446
                  48,            0.035529,            0.044333,            0.020614,             0.50576,             0.50984,             0.52249,             0.31184,            0.023692,            0.020686,            0.015647,            0.005347,            0.005347,            0.005347
                  49,            0.035514,            0.044569,            0.020126,             0.50862,             0.51045,             0.52475,             0.31332,            0.023696,            0.020698,            0.015586,            0.005248,            0.005248,            0.005248
                  50,            0.035321,            0.043978,            0.020217,             0.51985,             0.50644,             0.52494,             0.31431,            0.023704,            0.020686,            0.015464,            0.005149,            0.005149,            0.005149
                  51,            0.035226,            0.043981,            0.020024,             0.50908,             0.51139,             0.52525,             0.31387,            0.023686,            0.020685,            0.015355,             0.00505,             0.00505,             0.00505
                  52,            0.035261,            0.044013,            0.019659,             0.50835,             0.51246,             0.52495,             0.31383,            0.023677,            0.020679,            0.015295,            0.004951,            0.004951,            0.004951
                  53,            0.035097,            0.043678,             0.01956,             0.50499,             0.51632,             0.52705,             0.31537,            0.023661,            0.020666,            0.015281,            0.004852,            0.004852,            0.004852
                  54,            0.034817,            0.043696,            0.019147,             0.50507,             0.51731,             0.52675,             0.31658,            0.023629,            0.020663,            0.015216,            0.004753,            0.004753,            0.004753
                  55,            0.034847,            0.044049,            0.019357,             0.49995,             0.52201,             0.52814,             0.31731,             0.02359,             0.02066,            0.015162,            0.004654,            0.004654,            0.004654
                  56,            0.034965,             0.04385,            0.019528,             0.50071,             0.52019,             0.52964,             0.31845,            0.023548,             0.02066,            0.015106,            0.004555,            0.004555,            0.004555
                  57,            0.034554,            0.043525,            0.018923,             0.49611,             0.52668,             0.53121,             0.31937,            0.023515,            0.020659,            0.015053,            0.004456,            0.004456,            0.004456
                  58,             0.03484,            0.043466,            0.018919,             0.49455,             0.52763,             0.53189,             0.31948,             0.02349,            0.020661,             0.01503,            0.004357,            0.004357,            0.004357
                  59,            0.034322,            0.043601,            0.018396,             0.49537,             0.52999,             0.53154,             0.31929,            0.023453,            0.020656,            0.015007,            0.004258,            0.004258,            0.004258
                  60,            0.034638,            0.043273,            0.018331,             0.49389,             0.53521,             0.53201,             0.32018,            0.023444,            0.020639,            0.014963,            0.004159,            0.004159,            0.004159
                  61,             0.03445,            0.043032,            0.018265,             0.49107,             0.53707,             0.53262,             0.32103,            0.023428,            0.020634,             0.01492,             0.00406,             0.00406,             0.00406
                  62,            0.034245,              0.0432,            0.017782,             0.49642,             0.53211,             0.53312,             0.32134,            0.023418,             0.02063,            0.014886,            0.003961,            0.003961,            0.003961
                  63,            0.034315,            0.043428,            0.017905,             0.49807,              0.5288,              0.5335,             0.32153,            0.023405,            0.020624,            0.014863,            0.003862,            0.003862,            0.003862
                  64,            0.034067,            0.043615,            0.017504,              0.5023,             0.52657,             0.53436,             0.32203,            0.023389,            0.020612,            0.014835,            0.003763,            0.003763,            0.003763
                  65,            0.034007,            0.042946,             0.01695,             0.50157,             0.52766,             0.53459,             0.32179,            0.023378,            0.020604,            0.014809,            0.003664,            0.003664,            0.003664
                  66,            0.033875,            0.042853,            0.017178,             0.50507,             0.53012,             0.53606,             0.32224,            0.023353,            0.020597,            0.014788,            0.003565,            0.003565,            0.003565
                  67,            0.033877,            0.042963,            0.016981,               0.506,             0.53316,             0.53627,             0.32307,            0.023335,            0.020592,            0.014776,            0.003466,            0.003466,            0.003466
                  68,            0.033613,            0.042628,            0.016648,             0.50979,             0.53372,             0.53585,             0.32241,            0.023313,            0.020578,            0.014761,            0.003367,            0.003367,            0.003367
                  69,            0.033545,            0.042619,            0.016462,             0.51152,             0.53206,             0.53714,               0.323,            0.023289,            0.020573,            0.014737,            0.003268,            0.003268,            0.003268
                  70,            0.033558,              0.0431,            0.016354,             0.51668,             0.53134,             0.53773,              0.3227,            0.023264,            0.020564,            0.014711,            0.003169,            0.003169,            0.003169
                  71,            0.033688,            0.042824,            0.017389,             0.51831,             0.53117,             0.53792,             0.32304,            0.023241,            0.020554,            0.014683,             0.00307,             0.00307,             0.00307
                  72,            0.033867,            0.043554,            0.017216,             0.52098,             0.53183,             0.53872,             0.32366,            0.023215,            0.020542,            0.014664,            0.002971,            0.002971,            0.002971
                  73,             0.03363,            0.042921,            0.017226,             0.52424,             0.53092,              0.5397,             0.32439,            0.023188,            0.020534,            0.014644,            0.002872,            0.002872,            0.002872
                  74,            0.033451,            0.042541,            0.016621,             0.52568,             0.52977,             0.54022,             0.32527,            0.023161,            0.020533,            0.014615,            0.002773,            0.002773,            0.002773
                  75,            0.033311,            0.042629,            0.016334,             0.52546,             0.53013,             0.54106,             0.32585,            0.023135,            0.020528,            0.014584,            0.002674,            0.002674,            0.002674
                  76,            0.033247,            0.042593,            0.016377,             0.53242,             0.52639,             0.54162,             0.32679,            0.023103,            0.020522,            0.014553,            0.002575,            0.002575,            0.002575
                  77,            0.033098,            0.042369,            0.016101,             0.53594,              0.5248,             0.54234,             0.32734,            0.023077,            0.020517,             0.01452,            0.002476,            0.002476,            0.002476
                  78,            0.033418,            0.043029,            0.015843,             0.53877,             0.52546,              0.5434,             0.32795,            0.023054,            0.020511,            0.014495,            0.002377,            0.002377,            0.002377
                  79,             0.03318,             0.04229,            0.015984,             0.53989,             0.52552,             0.54401,             0.32858,            0.023025,            0.020505,            0.014464,            0.002278,            0.002278,            0.002278
                  80,            0.033158,            0.042614,            0.015609,             0.54184,             0.52582,             0.54528,             0.32921,            0.022995,            0.020503,            0.014425,            0.002179,            0.002179,            0.002179
                  81,             0.03287,            0.042102,            0.015508,             0.54456,             0.52542,             0.54716,             0.33024,            0.022968,            0.020499,            0.014396,             0.00208,             0.00208,             0.00208
                  82,            0.032895,              0.0421,            0.015105,              0.5456,             0.52422,             0.54796,             0.33067,            0.022944,            0.020495,            0.014362,            0.001981,            0.001981,            0.001981
                  83,            0.032699,             0.04258,            0.014838,             0.54749,             0.52364,             0.54822,             0.33126,            0.022921,             0.02049,            0.014336,            0.001882,            0.001882,            0.001882
                  84,            0.032368,            0.041909,            0.014596,             0.54653,              0.5258,             0.54867,              0.3318,            0.022903,            0.020487,            0.014304,            0.001783,            0.001783,            0.001783
                  85,             0.03266,            0.042305,            0.014496,             0.54731,             0.52998,             0.54933,             0.33201,            0.022883,            0.020485,            0.014277,            0.001684,            0.001684,            0.001684
                  86,            0.032381,            0.041991,            0.014289,             0.54509,             0.53206,             0.55004,             0.33269,             0.02286,            0.020483,            0.014249,            0.001585,            0.001585,            0.001585
                  87,            0.032097,            0.041742,            0.014081,             0.54382,             0.53388,             0.55137,             0.33355,            0.022832,            0.020481,            0.014225,            0.001486,            0.001486,            0.001486
                  88,            0.032072,            0.041831,            0.013732,             0.54298,             0.53571,             0.55184,             0.33368,            0.022813,            0.020479,            0.014195,            0.001387,            0.001387,            0.001387
                  89,            0.031944,            0.041218,            0.013574,             0.54498,              0.5369,             0.55305,             0.33438,            0.022795,            0.020479,            0.014169,            0.001288,            0.001288,            0.001288
                  90,            0.031568,            0.041299,            0.013335,             0.54548,             0.53859,              0.5541,             0.33478,            0.022772,            0.020477,            0.014145,            0.001189,            0.001189,            0.001189
                  91,            0.031706,            0.041402,            0.013312,              0.5469,             0.54034,             0.55561,             0.33571,             0.02275,            0.020478,            0.014114,             0.00109,             0.00109,             0.00109
                  92,            0.031532,              0.0413,            0.013252,             0.54715,              0.5406,             0.55651,             0.33662,             0.02273,            0.020476,            0.014077,            0.000991,            0.000991,            0.000991
                  93,            0.031324,            0.041078,            0.013129,             0.54608,             0.54302,             0.55772,             0.33748,            0.022712,            0.020475,            0.014047,            0.000892,            0.000892,            0.000892
                  94,            0.031719,            0.041206,            0.012846,             0.54529,             0.54451,             0.55811,             0.33759,            0.022699,            0.020476,            0.014017,            0.000793,            0.000793,            0.000793
                  95,            0.031401,            0.040903,            0.012496,             0.54419,             0.54586,             0.55874,              0.3381,            0.022684,            0.020478,            0.013991,            0.000694,            0.000694,            0.000694
                  96,            0.031096,            0.040896,            0.012515,             0.54758,             0.54614,             0.55907,             0.33869,            0.022671,            0.020481,            0.013965,            0.000595,            0.000595,            0.000595
                  97,            0.031172,            0.041188,            0.011939,             0.54864,             0.54614,             0.55935,             0.33885,            0.022655,            0.020484,            0.013937,            0.000496,            0.000496,            0.000496
                  98,            0.030914,            0.040871,            0.012215,             0.54735,             0.54942,             0.56008,             0.33961,            0.022638,            0.020485,            0.013912,            0.000397,            0.000397,            0.000397
                  99,            0.030946,            0.041186,            0.011793,             0.54761,             0.55057,             0.56118,             0.34076,            0.022621,            0.020487,            0.013886,            0.000298,            0.000298,            0.000298
